,I_e,I_i,dom_frequ,up_space,down_space
0,0.4333333333333333,-0.1999999999999999,0.0,inf,
