,#time_steps,#nodes
0.01,11649.0,21.0
0.042666666666666665,3314.0,21.0
0.07533333333333332,2364.0,21.0
0.10799999999999998,1944.0,21.0
0.14066666666666666,1655.0,21.0
0.17333333333333334,1491.0,21.0
0.206,1349.0,25.0
0.23866666666666664,1248.0,25.0
0.2713333333333333,1175.0,25.0
0.304,1107.0,25.0
0.33666666666666667,1048.0,25.0
0.3693333333333333,1016.0,21.0
0.40199999999999997,978.0,21.0
0.43466666666666665,925.0,25.0
0.46733333333333327,900.0,25.0
0.5,871.0,25.0
