,#time_steps,#nodes
100.0,889.0,18.0
493.3333333333333,1988.0,21.0
886.6666666666666,2619.0,21.0
1280.0,3153.0,21.0
1673.3333333333333,3569.0,21.0
2066.6666666666665,3979.0,21.0
2460.0,4497.0,21.0
2853.333333333333,4692.0,21.0
3246.6666666666665,4989.0,21.0
3640.0,5074.0,21.0
4033.333333333333,5580.0,21.0
4426.666666666666,5503.0,21.0
4820.0,6005.0,21.0
5213.333333333333,6236.0,21.0
5606.666666666666,6370.0,18.0
6000.0,7006.0,17.0
