,#time_steps,#nodes
0.01,11445.0,18.0
0.042666666666666665,3358.0,21.0
0.07533333333333332,2455.0,21.0
0.10799999999999998,1993.0,21.0
0.14066666666666666,1707.0,21.0
0.17333333333333334,1526.0,21.0
0.206,1397.0,21.0
0.23866666666666664,1275.0,25.0
0.2713333333333333,1199.0,31.0
0.304,1111.0,18.0
0.33666666666666667,1052.0,18.0
0.3693333333333333,1002.0,18.0
0.40199999999999997,978.0,18.0
0.43466666666666665,925.0,18.0
0.46733333333333327,897.0,18.0
0.5,869.0,18.0
