,#time_steps,#nodes
100.0,966.0,31.0
493.3333333333333,1999.0,21.0
886.6666666666666,2621.0,21.0
1280.0,3195.0,21.0
1673.3333333333333,3535.0,21.0
2066.6666666666665,3968.0,21.0
2460.0,4519.0,21.0
2853.333333333333,4742.0,21.0
3246.6666666666665,5015.0,21.0
3640.0,5085.0,21.0
4033.333333333333,5560.0,21.0
4426.666666666666,5684.0,21.0
4820.0,6440.0,21.0
5213.333333333333,6322.0,21.0
5606.666666666666,6464.0,21.0
6000.0,6473.0,18.0
