,#time_steps,#nodes
100.0,912.0,25.0
493.3333333333333,2002.0,25.0
886.6666666666666,2620.0,25.0
1280.0,3136.0,21.0
1673.3333333333333,3568.0,25.0
2066.6666666666665,4018.0,21.0
2460.0,4531.0,21.0
2853.333333333333,4748.0,21.0
3246.6666666666665,4918.0,21.0
3640.0,5258.0,21.0
4033.333333333333,5507.0,21.0
4426.666666666666,5745.0,21.0
4820.0,5728.0,18.0
5213.333333333333,6810.0,21.0
5606.666666666666,6694.0,25.0
6000.0,6815.0,21.0
