,#time_steps,#nodes
0.0,15819.0,1.0
0.025,4927.0,21.0
0.05,3111.0,21.0
0.07500000000000001,2499.0,21.0
0.1,2187.0,25.0
0.125,1918.0,25.0
0.15000000000000002,1724.0,25.0
0.17500000000000002,1525.0,21.0
0.2,1450.0,25.0
0.225,1371.0,25.0
0.25,1276.0,25.0
0.275,1220.0,25.0
0.30000000000000004,1129.0,21.0
0.325,1106.0,31.0
0.35000000000000003,1049.0,25.0
0.375,1007.0,25.0
0.4,975.0,25.0
0.42500000000000004,945.0,25.0
0.45,913.0,25.0
0.47500000000000003,893.0,25.0
0.5,865.0,25.0
