,#time_steps,#nodes
0.0,39999.0,1.0
0.025,4843.0,18.0
0.05,3153.0,21.0
0.07500000000000001,2492.0,21.0
0.1,2056.0,21.0
0.125,1863.0,21.0
0.15000000000000002,1659.0,21.0
0.17500000000000002,1520.0,21.0
0.2,1413.0,21.0
0.225,1333.0,21.0
0.25,1276.0,25.0
0.275,1219.0,25.0
0.30000000000000004,1147.0,21.0
0.325,1082.0,18.0
0.35000000000000003,1037.0,18.0
0.375,998.0,18.0
0.4,978.0,17.0
0.42500000000000004,937.0,18.0
0.45,906.0,18.0
0.47500000000000003,892.0,18.0
0.5,870.0,18.0
